"","cat_corr","real","predicted"
"1","",282.5,NA
"2","HeiferCalf",578.150816522574,460.426520258469
"3","InCalfHeifer",1372.97218507622,1309.9130887679
"4","Lact1",1606.03260294273,1425.97912342166
"5","Lact2",1572.01046418031,1487.53118557127
"6","Lact3",1478.56697171381,1539.91338972149
"7","Lact4+",1243.69308522858,1320.07265066576
"8","MaidenHeifer",950.686420905273,1110.03062331073
"9","WeanedHeifer",877.689938398357,774.028501042321
